size,duration,synthetic_mean,synthetic_std,real_mean,real_std
1,25.84430613518,2.5886114749008,2.8113863567675,1.196013944838,0.318375927797834
2,46.32016508579,1.6958399132776,3.6654571976824,1.4415619908292,0.93049964194424
3,79.06984050274,0.9828945723335,2.2015997503508,0.968860435147,0.06315548627546
4,98.05936121922,0.801197969153,0.3498717334528,0.9501607394314,0.06295374573042
5,115.589977026,0.7682799188614,0.230046608792,0.9476578249134,0.0377085236936
