size,duration,synthetic_mean,synthetic_std,real_mean,real_std
1,0.001311397552491,9.756761742844,18.81638780528,22.305616626724,28.531934249108
2,0.001581597328187,7.191060828594,12.41324607398,15.699800837144,14.94254765762
3,0.002056765556337,6.694541669505,11.03907127185,13.547987277036,10.521810443192
4,0.002178096771242,6.462182825946,10.456839327098,12.198996516712,7.836709960572
5,0.00129508972168,6.30630575274,10.1432618134,11.30713190114,6.02884994402
