size,duration,synthetic_mean,synthetic_std,real_mean,real_std
1,21.053450346,6.541441261812,11.21768238718,13.007747881776,6.623667140024
2,42.94630408288,7.693399275699,11.287604897298,14.464445404922,8.814170695914
3,66.19394593239,7.451310122694,12.626364889246,12.385361041549,7.053433750425
4,81.80075764658,7.72030483122,12.59165762124,12.2616496062,7.245606887868
5,101.463563919,5.09101187972,9.92585671562,15.5174800536,7.35746637402
