size,duration,synthetic_mean,synthetic_std,real_mean,real_std,
1,0.001261568069459,1.096562649544,1.1857620784884,1.1091347557888,0.6297922415596,0.11091347557888
2,0.001714634895324,0.9947510739133,1.1149868929317,1.0044116883288,0.5736046714132,0.10044116883288
3,0.002189493179323,0.9555403072145,1.1035635438516,0.9847844241371,0.5807067156963,0.09847844241371
4,0.002153253555298,0.932452407703,1.1039263126826,0.9732211763844,0.5895805049204,0.09732211763844
5,0.00144100189209,0.91825881829,1.10649006644,0.9666805471,0.596483132214,0.09666805471
