size,duration,synthetic_mean,synthetic_std,real_mean,real_std
1,20.39156060218,0.1388837533821,0.141406946104,0.19669416561092,0.0693807763108
2,42.56480071545,0.11260063527165,0.15297709772603,0.14282392374376,0.10386598348071
3,62.00763540268,0.08887034934585,0.13072229134954,0.13115318795208,0.07752219104778
4,84.14587917326,0.07092375318874,0.12041287828198,0.13557467632082,0.07062853265142
5,105.046131849,0.064252039838,0.120279752741,0.112652272303,0.06065687262
